,player,team,pass_recipient,x_start,y_start,x_end,y_end,pass_outcome
2,Nahuel Molina Lucero,Argentina,Rodrigo Javier De Paul,22.7,80.0,36.0,75.2,Complete
3,Rodrigo Javier De Paul,Argentina,Cristian Gabriel Romero,41.1,73.9,23.2,62.8,Complete
4,Cristian Gabriel Romero,Argentina,Nicolás Hernán Otamendi,24.7,59.4,21.5,32.2,Complete
5,Nicolás Hernán Otamendi,Argentina,Cristian Gabriel Romero,24.0,27.1,21.7,49.3,Complete
6,Cristian Gabriel Romero,Argentina,Nicolás Hernán Otamendi,22.1,49.8,24.0,27.3,Complete
7,Nicolás Hernán Otamendi,Argentina,Nicolás Alejandro Tagliafico,21.7,24.5,26.6,3.1,Complete
8,Nicolás Alejandro Tagliafico,Argentina,Alexis Mac Allister,29.2,2.5,45.6,4.2,Complete
9,Nicolás Alejandro Tagliafico,Argentina,Nicolás Hernán Otamendi,44.1,3.8,20.8,11.9,Complete
10,Nicolás Hernán Otamendi,Argentina,Cristian Gabriel Romero,21.7,17.7,19.7,33.3,Complete
11,Cristian Gabriel Romero,Argentina,Nicolás Hernán Otamendi,30.9,42.5,27.9,22.6,Complete
12,Nicolás Hernán Otamendi,Argentina,Cristian Gabriel Romero,29.8,29.2,27.0,45.9,Complete
13,Cristian Gabriel Romero,Argentina,Nicolás Hernán Otamendi,32.1,54.5,25.9,31.6,Complete
14,Nicolás Hernán Otamendi,Argentina,Damián Emiliano Martínez,24.7,29.0,5.6,42.3,Complete
15,Damián Emiliano Martínez,Argentina,,3.9,43.4,53.1,72.9,Incomplete
22,Nicolás Alejandro Tagliafico,Argentina,Alexis Mac Allister,72.6,0.1,69.6,7.6,Complete
23,Alexis Mac Allister,Argentina,Lionel Andrés Messi Cuccittini,67.4,20.7,77.5,36.9,Complete
24,Lionel Andrés Messi Cuccittini,Argentina,Ángel Fabián Di María Hernández,76.6,35.7,116.2,8.9,Complete
25,Ángel Fabián Di María Hernández,Argentina,,116.0,8.9,104.9,49.3,Incomplete
26,Rodrigo Javier De Paul,Argentina,Lionel Andrés Messi Cuccittini,93.1,53.2,100.4,57.7,Complete
27,Lionel Andrés Messi Cuccittini,Argentina,Rodrigo Javier De Paul,99.3,57.3,96.7,49.8,Complete
28,Rodrigo Javier De Paul,Argentina,Julián Álvarez,96.7,49.8,110.9,44.6,Pass Offside
31,Alexis Mac Allister,Argentina,Nicolás Hernán Otamendi,48.9,15.4,39.2,16.6,Complete
32,Nicolás Hernán Otamendi,Argentina,Cristian Gabriel Romero,37.4,19.2,26.0,29.3,Complete
33,Cristian Gabriel Romero,Argentina,Lionel Andrés Messi Cuccittini,27.4,29.9,64.2,43.6,Unknown
34,Rodrigo Javier De Paul,Argentina,Nicolás Hernán Otamendi,64.2,43.6,57.2,26.7,Complete
35,Nicolás Hernán Otamendi,Argentina,Enzo Fernandez,57.2,26.7,54.4,37.8,Complete
36,Enzo Fernandez,Argentina,Cristian Gabriel Romero,54.8,37.8,56.5,60.5,Complete
37,Cristian Gabriel Romero,Argentina,Nahuel Molina Lucero,56.1,61.3,67.9,73.5,Complete
38,Nahuel Molina Lucero,Argentina,Lionel Andrés Messi Cuccittini,68.9,74.4,79.0,59.8,Incomplete
40,Lionel Andrés Messi Cuccittini,Argentina,Cristian Gabriel Romero,67.9,59.0,49.0,60.3,Complete
41,Cristian Gabriel Romero,Argentina,Ángel Fabián Di María Hernández,50.5,58.1,89.3,3.6,Complete
42,Ángel Fabián Di María Hernández,Argentina,Nicolás Alejandro Tagliafico,89.5,3.4,82.4,7.4,Complete
43,Nicolás Alejandro Tagliafico,Argentina,Alexis Mac Allister,82.4,7.4,96.1,14.3,Complete
44,Alexis Mac Allister,Argentina,Ángel Fabián Di María Hernández,96.1,14.3,106.4,3.1,Complete
45,Nicolás Alejandro Tagliafico,Argentina,Alexis Mac Allister,108.9,0.1,93.1,5.7,Complete
46,Alexis Mac Allister,Argentina,Lionel Andrés Messi Cuccittini,87.8,7.6,82.6,35.0,Incomplete
50,Lionel Andrés Messi Cuccittini,Argentina,Rodrigo Javier De Paul,81.8,65.2,70.2,67.7,Complete
51,Rodrigo Javier De Paul,Argentina,Ángel Fabián Di María Hernández,84.6,49.8,103.6,15.5,Incomplete
56,Julián Álvarez,Argentina,Alexis Mac Allister,98.7,19.8,92.3,21.5,Complete
58,Enzo Fernandez,Argentina,,56.5,39.7,66.4,42.9,Incomplete
88,Rodrigo Javier De Paul,Argentina,Nahuel Molina Lucero,20.2,71.2,16.1,60.3,Complete
89,Nahuel Molina Lucero,Argentina,Lionel Andrés Messi Cuccittini,16.3,60.3,47.1,63.9,Incomplete
90,Enzo Fernandez,Argentina,Lionel Andrés Messi Cuccittini,34.3,50.2,38.8,53.4,Complete
91,Lionel Andrés Messi Cuccittini,Argentina,Alexis Mac Allister,39.2,48.1,65.3,35.4,Complete
92,Alexis Mac Allister,Argentina,Ángel Fabián Di María Hernández,75.8,26.9,94.2,14.1,Complete
93,Ángel Fabián Di María Hernández,Argentina,Alexis Mac Allister,98.5,10.2,92.9,11.3,Complete
94,Alexis Mac Allister,Argentina,Enzo Fernandez,89.5,12.3,84.1,21.3,Complete
95,Enzo Fernandez,Argentina,Alexis Mac Allister,88.0,23.9,93.7,20.3,Incomplete
96,Julián Álvarez,Argentina,Ángel Fabián Di María Hernández,110.6,17.9,106.4,12.3,Complete
97,Ángel Fabián Di María Hernández,Argentina,Rodrigo Javier De Paul,115.1,21.3,98.7,51.7,Complete
98,Lionel Andrés Messi Cuccittini,Argentina,,120.0,80.0,116.6,54.5,Incomplete
99,Rodrigo Javier De Paul,Argentina,Lionel Andrés Messi Cuccittini,95.2,65.6,107.9,72.9,Complete
100,Lionel Andrés Messi Cuccittini,Argentina,Rodrigo Javier De Paul,108.2,74.4,86.3,67.5,Complete
101,Rodrigo Javier De Paul,Argentina,,87.7,67.7,108.7,41.5,Incomplete
104,Nicolás Alejandro Tagliafico,Argentina,Julián Álvarez,31.9,16.6,51.6,26.5,Incomplete
108,Cristian Gabriel Romero,Argentina,Enzo Fernandez,35.6,33.9,39.4,30.5,Incomplete
109,Rodrigo Javier De Paul,Argentina,Alexis Mac Allister,31.5,28.8,42.0,22.2,Complete
110,Alexis Mac Allister,Argentina,Ángel Fabián Di María Hernández,41.8,22.0,44.8,3.6,Complete
111,Ángel Fabián Di María Hernández,Argentina,Nicolás Alejandro Tagliafico,43.9,2.7,31.1,5.3,Complete
112,Nicolás Alejandro Tagliafico,Argentina,Nicolás Hernán Otamendi,31.1,5.3,18.7,14.1,Complete
113,Nicolás Hernán Otamendi,Argentina,Damián Emiliano Martínez,18.0,14.7,6.0,33.5,Complete
114,Damián Emiliano Martínez,Argentina,Cristian Gabriel Romero,6.5,41.6,10.1,48.9,Complete
115,Cristian Gabriel Romero,Argentina,Enzo Fernandez,9.3,48.9,27.9,48.1,Complete
116,Enzo Fernandez,Argentina,Julián Álvarez,33.9,51.1,112.1,58.1,Incomplete
119,Nahuel Molina Lucero,Argentina,Enzo Fernandez,67.0,60.9,64.7,49.3,Complete
120,Enzo Fernandez,Argentina,Rodrigo Javier De Paul,68.3,51.1,76.9,63.9,Complete
121,Rodrigo Javier De Paul,Argentina,Lionel Andrés Messi Cuccittini,79.8,70.1,79.8,54.3,Complete
122,Lionel Andrés Messi Cuccittini,Argentina,Ángel Fabián Di María Hernández,80.5,47.8,105.1,14.7,Complete
123,Ángel Fabián Di María Hernández,Argentina,Lionel Andrés Messi Cuccittini,106.4,16.2,106.4,39.1,Incomplete
124,Ángel Fabián Di María Hernández,Argentina,Rodrigo Javier De Paul,101.9,13.0,96.7,23.7,Complete
125,Rodrigo Javier De Paul,Argentina,Lionel Andrés Messi Cuccittini,96.7,24.7,97.8,33.7,Complete
127,Nicolás Hernán Otamendi,Argentina,,35.4,31.2,74.5,28.6,Incomplete
135,Damián Emiliano Martínez,Argentina,Nicolás Hernán Otamendi,4.8,42.3,22.1,24.7,Complete
136,Nicolás Hernán Otamendi,Argentina,Enzo Fernandez,22.3,23.0,31.3,26.0,Complete
137,Enzo Fernandez,Argentina,Nicolás Hernán Otamendi,31.5,26.0,23.6,19.6,Complete
138,Nicolás Hernán Otamendi,Argentina,Cristian Gabriel Romero,23.4,21.5,14.8,51.3,Complete
139,Cristian Gabriel Romero,Argentina,Julián Álvarez,16.5,55.1,57.8,43.8,Complete
140,Julián Álvarez,Argentina,Lionel Andrés Messi Cuccittini,57.6,43.6,52.5,56.2,Complete
141,Lionel Andrés Messi Cuccittini,Argentina,Julián Álvarez,52.5,56.4,59.5,52.6,Complete
142,Julián Álvarez,Argentina,Lionel Andrés Messi Cuccittini,59.5,52.6,56.1,55.5,Incomplete
143,Alexis Mac Allister,Argentina,Ángel Fabián Di María Hernández,63.8,33.7,79.2,10.4,Complete
144,Ángel Fabián Di María Hernández,Argentina,Lionel Andrés Messi Cuccittini,86.5,22.2,87.1,51.9,Complete
145,Lionel Andrés Messi Cuccittini,Argentina,Julián Álvarez,95.2,48.5,104.9,35.2,Incomplete
146,Nicolás Alejandro Tagliafico,Argentina,Ángel Fabián Di María Hernández,94.8,20.5,109.1,21.5,Pass Offside
151,Julián Álvarez,Argentina,Rodrigo Javier De Paul,46.7,24.5,45.6,35.2,Complete
152,Rodrigo Javier De Paul,Argentina,Alexis Mac Allister,52.7,39.9,62.9,23.5,Complete
153,Alexis Mac Allister,Argentina,Ángel Fabián Di María Hernández,64.4,20.7,75.6,9.6,Complete
154,Ángel Fabián Di María Hernández,Argentina,Nicolás Alejandro Tagliafico,76.4,6.8,55.7,4.9,Complete
155,Nicolás Alejandro Tagliafico,Argentina,Alexis Mac Allister,53.7,4.0,62.9,13.6,Complete
156,Alexis Mac Allister,Argentina,Enzo Fernandez,63.2,17.3,56.1,33.5,Complete
157,Enzo Fernandez,Argentina,Nahuel Molina Lucero,55.2,37.6,66.8,71.4,Complete
158,Nahuel Molina Lucero,Argentina,Cristian Gabriel Romero,68.1,72.4,47.3,61.8,Complete
159,Cristian Gabriel Romero,Argentina,Nicolás Hernán Otamendi,47.3,57.5,51.2,25.6,Complete
160,Nicolás Hernán Otamendi,Argentina,Ángel Fabián Di María Hernández,62.3,20.9,77.3,3.1,Complete
161,Ángel Fabián Di María Hernández,Argentina,Nicolás Alejandro Tagliafico,76.2,2.3,62.5,5.3,Complete
162,Nicolás Alejandro Tagliafico,Argentina,Enzo Fernandez,62.3,5.7,57.2,17.7,Complete
163,Enzo Fernandez,Argentina,Nicolás Hernán Otamendi,57.6,17.7,47.3,22.0,Complete
164,Nicolás Hernán Otamendi,Argentina,Enzo Fernandez,46.9,23.0,48.4,27.1,Complete
165,Enzo Fernandez,Argentina,Cristian Gabriel Romero,47.8,28.4,42.4,47.0,Complete
166,Cristian Gabriel Romero,Argentina,Ángel Fabián Di María Hernández,52.9,53.2,68.3,3.4,Complete
167,Ángel Fabián Di María Hernández,Argentina,Nicolás Hernán Otamendi,68.3,3.4,56.3,12.8,Complete
168,Nicolás Hernán Otamendi,Argentina,Nahuel Molina Lucero,54.2,17.0,91.8,78.6,Out
176,Lionel Andrés Messi Cuccittini,Argentina,Rodrigo Javier De Paul,89.3,58.8,110.2,56.8,Complete
177,Rodrigo Javier De Paul,Argentina,Lionel Andrés Messi Cuccittini,110.2,56.8,106.4,45.5,Complete
179,Alexis Mac Allister,Argentina,,55.0,18.5,82.4,27.1,Incomplete
200,Damián Emiliano Martínez,Argentina,Cristian Gabriel Romero,4.3,36.3,8.6,47.8,Complete
201,Cristian Gabriel Romero,Argentina,Enzo Fernandez,14.6,49.1,29.6,47.8,Complete
202,Enzo Fernandez,Argentina,Nicolás Hernán Otamendi,31.7,48.5,25.5,24.3,Complete
203,Nicolás Hernán Otamendi,Argentina,Nicolás Alejandro Tagliafico,29.4,22.8,42.4,5.3,Complete
204,Nicolás Alejandro Tagliafico,Argentina,Nicolás Hernán Otamendi,42.0,6.1,32.8,17.7,Complete
205,Nicolás Hernán Otamendi,Argentina,Cristian Gabriel Romero,32.4,20.3,30.0,47.8,Complete
206,Cristian Gabriel Romero,Argentina,Rodrigo Javier De Paul,33.4,51.3,45.4,51.5,Complete
207,Rodrigo Javier De Paul,Argentina,Cristian Gabriel Romero,45.0,52.3,33.6,54.5,Complete
208,Cristian Gabriel Romero,Argentina,Nahuel Molina Lucero,33.4,56.8,48.6,74.8,Complete
209,Nahuel Molina Lucero,Argentina,Rodrigo Javier De Paul,50.1,75.2,41.6,62.4,Complete
210,Rodrigo Javier De Paul,Argentina,Nicolás Hernán Otamendi,41.3,62.0,40.1,23.7,Complete
211,Nicolás Hernán Otamendi,Argentina,Ángel Fabián Di María Hernández,61.9,19.8,65.9,1.9,Complete
212,Ángel Fabián Di María Hernández,Argentina,Nicolás Hernán Otamendi,65.5,2.5,51.2,14.5,Complete
213,Nicolás Hernán Otamendi,Argentina,Cristian Gabriel Romero,48.4,14.7,39.2,40.1,Complete
214,Cristian Gabriel Romero,Argentina,Rodrigo Javier De Paul,40.9,47.2,49.9,48.3,Complete
215,Rodrigo Javier De Paul,Argentina,Cristian Gabriel Romero,49.9,48.3,39.6,47.0,Complete
216,Cristian Gabriel Romero,Argentina,Nicolás Hernán Otamendi,39.8,46.6,45.2,26.5,Complete
217,Nicolás Hernán Otamendi,Argentina,Enzo Fernandez,49.3,22.8,54.8,32.9,Complete
218,Enzo Fernandez,Argentina,Lionel Andrés Messi Cuccittini,56.1,33.9,71.1,56.4,Complete
219,Lionel Andrés Messi Cuccittini,Argentina,Nahuel Molina Lucero,89.5,65.0,99.5,74.6,Complete
220,Nahuel Molina Lucero,Argentina,Rodrigo Javier De Paul,94.4,74.8,74.5,69.7,Complete
221,Rodrigo Javier De Paul,Argentina,Nicolás Hernán Otamendi,73.9,68.2,65.9,33.9,Complete
222,Nicolás Hernán Otamendi,Argentina,Enzo Fernandez,65.9,32.0,74.7,33.3,Complete
223,Enzo Fernandez,Argentina,Nicolás Hernán Otamendi,74.7,33.3,64.9,30.9,Complete
224,Nicolás Hernán Otamendi,Argentina,Enzo Fernandez,64.2,32.2,68.5,23.0,Complete
225,Enzo Fernandez,Argentina,Cristian Gabriel Romero,68.7,22.6,54.8,41.6,Complete
226,Cristian Gabriel Romero,Argentina,Rodrigo Javier De Paul,54.6,46.1,56.7,64.7,Complete
227,Rodrigo Javier De Paul,Argentina,Enzo Fernandez,57.0,64.5,69.6,53.8,Complete
228,Alexis Mac Allister,Argentina,Julián Álvarez,92.0,35.2,94.2,47.0,Complete
229,Julián Álvarez,Argentina,Ángel Fabián Di María Hernández,94.2,47.0,112.6,11.5,Complete
239,Cristian Gabriel Romero,Argentina,Ángel Fabián Di María Hernández,14.4,53.0,26.6,47.4,Complete
240,Julián Álvarez,Argentina,Alexis Mac Allister,36.9,48.5,32.4,34.4,Complete
241,Alexis Mac Allister,Argentina,Nicolás Alejandro Tagliafico,38.8,29.5,22.5,17.3,Complete
242,Nicolás Alejandro Tagliafico,Argentina,,22.5,17.0,25.9,14.5,Incomplete
243,Nicolás Alejandro Tagliafico,Argentina,Alexis Mac Allister,34.9,0.1,50.3,2.9,Incomplete
250,Julián Álvarez,Argentina,Alexis Mac Allister,63.4,16.4,55.0,19.0,Complete
251,Alexis Mac Allister,Argentina,Enzo Fernandez,58.5,17.7,54.4,24.3,Complete
252,Enzo Fernandez,Argentina,Nicolás Alejandro Tagliafico,54.4,24.3,55.0,13.4,Complete
253,Nicolás Alejandro Tagliafico,Argentina,Ángel Fabián Di María Hernández,55.0,12.8,58.0,2.5,Complete
254,Ángel Fabián Di María Hernández,Argentina,Alexis Mac Allister,45.0,4.0,45.4,10.8,Incomplete
257,Damián Emiliano Martínez,Argentina,Julián Álvarez,28.3,41.2,88.6,63.9,Incomplete
259,Enzo Fernandez,Argentina,Lionel Andrés Messi Cuccittini,77.9,57.5,81.1,73.9,Complete
260,Lionel Andrés Messi Cuccittini,Argentina,,120.0,80.0,116.4,43.6,Incomplete
264,Alexis Mac Allister,Argentina,Nicolás Alejandro Tagliafico,44.3,23.9,34.7,21.1,Complete
265,Nicolás Alejandro Tagliafico,Argentina,Enzo Fernandez,34.7,20.5,38.8,26.7,Complete
266,Enzo Fernandez,Argentina,Nahuel Molina Lucero,39.6,28.0,42.2,53.6,Complete
267,Nahuel Molina Lucero,Argentina,Julián Álvarez,63.4,61.8,75.4,38.4,Complete
268,Julián Álvarez,Argentina,Lionel Andrés Messi Cuccittini,75.6,38.9,62.5,42.9,Complete
269,Lionel Andrés Messi Cuccittini,Argentina,Alexis Mac Allister,81.8,38.6,91.4,29.2,Complete
270,Alexis Mac Allister,Argentina,Ángel Fabián Di María Hernández,92.9,27.7,105.1,13.8,Complete
271,Ángel Fabián Di María Hernández,Argentina,Julián Álvarez,106.8,12.8,111.1,79.5,Out
274,Nahuel Molina Lucero,Argentina,Julián Álvarez,77.3,68.0,88.2,60.0,Incomplete
277,Enzo Fernandez,Argentina,Nicolás Alejandro Tagliafico,64.4,23.9,65.7,5.3,Complete
278,Nicolás Alejandro Tagliafico,Argentina,Nicolás Hernán Otamendi,60.8,4.6,32.1,15.1,Complete
279,Nicolás Hernán Otamendi,Argentina,Damián Emiliano Martínez,23.8,17.7,8.6,36.1,Complete
280,Damián Emiliano Martínez,Argentina,Cristian Gabriel Romero,7.8,38.2,8.8,54.5,Complete
281,Cristian Gabriel Romero,Argentina,Rodrigo Javier De Paul,19.7,56.4,36.2,51.5,Complete
282,Rodrigo Javier De Paul,Argentina,Lionel Andrés Messi Cuccittini,37.9,60.3,45.6,59.4,Complete
283,Lionel Andrés Messi Cuccittini,Argentina,Rodrigo Javier De Paul,45.8,59.4,64.4,73.5,Complete
284,Rodrigo Javier De Paul,Argentina,Lionel Andrés Messi Cuccittini,70.0,65.0,68.1,55.5,Complete
285,Lionel Andrés Messi Cuccittini,Argentina,Alexis Mac Allister,68.1,54.5,81.1,29.9,Complete
286,Alexis Mac Allister,Argentina,Lionel Andrés Messi Cuccittini,81.8,31.4,80.7,45.1,Complete
287,Lionel Andrés Messi Cuccittini,Argentina,Ángel Fabián Di María Hernández,92.7,47.6,116.8,7.4,Complete
288,Ángel Fabián Di María Hernández,Argentina,Alexis Mac Allister,107.9,8.3,91.4,11.9,Complete
289,Alexis Mac Allister,Argentina,Enzo Fernandez,93.1,11.9,87.1,18.8,Complete
290,Enzo Fernandez,Argentina,Alexis Mac Allister,87.1,18.1,90.8,2.5,Complete
291,Alexis Mac Allister,Argentina,Nicolás Alejandro Tagliafico,90.8,2.5,98.5,18.3,Complete
292,Nicolás Alejandro Tagliafico,Argentina,Alexis Mac Allister,100.4,20.5,90.1,20.5,Complete
294,Nahuel Molina Lucero,Argentina,Lionel Andrés Messi Cuccittini,76.2,71.4,97.8,68.2,Complete
295,Alexis Mac Allister,Argentina,Enzo Fernandez,87.1,30.5,82.2,44.0,Complete
296,Enzo Fernandez,Argentina,Julián Álvarez,85.8,45.5,93.3,52.6,Complete
297,Julián Álvarez,Argentina,Enzo Fernandez,93.3,52.6,87.8,51.1,Complete
298,Enzo Fernandez,Argentina,Rodrigo Javier De Paul,87.8,51.3,90.5,70.7,Complete
299,Rodrigo Javier De Paul,Argentina,Ángel Fabián Di María Hernández,91.8,68.6,109.6,29.2,Incomplete
301,Nicolás Hernán Otamendi,Argentina,Cristian Gabriel Romero,65.1,36.3,55.0,51.3,Complete
302,Cristian Gabriel Romero,Argentina,Rodrigo Javier De Paul,53.7,58.3,65.9,54.9,Complete
303,Rodrigo Javier De Paul,Argentina,Enzo Fernandez,68.7,55.5,63.8,48.3,Complete
304,Enzo Fernandez,Argentina,Nicolás Hernán Otamendi,62.7,42.7,52.3,27.1,Complete
305,Nicolás Hernán Otamendi,Argentina,Nicolás Alejandro Tagliafico,52.3,26.5,65.9,6.6,Complete
306,Nicolás Alejandro Tagliafico,Argentina,Ángel Fabián Di María Hernández,67.7,6.4,75.8,2.3,Complete
307,Ángel Fabián Di María Hernández,Argentina,Alexis Mac Allister,74.9,3.8,92.0,15.1,Complete
309,Nicolás Alejandro Tagliafico,Argentina,Alexis Mac Allister,66.8,4.6,70.9,10.2,Complete
310,Alexis Mac Allister,Argentina,Ángel Fabián Di María Hernández,72.4,7.8,74.7,2.9,Complete
312,Nicolás Alejandro Tagliafico,Argentina,Julián Álvarez,73.0,6.1,80.9,19.2,Incomplete
315,Cristian Gabriel Romero,Argentina,Damián Emiliano Martínez,31.3,52.8,9.9,54.1,Complete
316,Damián Emiliano Martínez,Argentina,Nahuel Molina Lucero,11.0,56.6,31.9,70.5,Complete
317,Nahuel Molina Lucero,Argentina,Rodrigo Javier De Paul,35.6,72.9,43.7,66.2,Complete
318,Rodrigo Javier De Paul,Argentina,Enzo Fernandez,49.0,67.5,44.3,49.3,Complete
319,Enzo Fernandez,Argentina,Nahuel Molina Lucero,70.4,52.1,81.3,74.4,Complete
320,Nahuel Molina Lucero,Argentina,Rodrigo Javier De Paul,81.3,73.3,67.0,71.8,Complete
321,Rodrigo Javier De Paul,Argentina,Cristian Gabriel Romero,63.2,70.9,42.8,62.2,Complete
322,Cristian Gabriel Romero,Argentina,Nicolás Hernán Otamendi,43.1,58.1,44.3,25.8,Complete
323,Nicolás Hernán Otamendi,Argentina,Enzo Fernandez,46.7,23.2,57.4,33.5,Complete
324,Enzo Fernandez,Argentina,Nicolás Hernán Otamendi,57.4,33.5,49.5,25.8,Complete
325,Nicolás Hernán Otamendi,Argentina,Enzo Fernandez,49.5,26.0,56.3,25.6,Complete
326,Enzo Fernandez,Argentina,Cristian Gabriel Romero,53.5,23.9,44.6,41.0,Complete
327,Cristian Gabriel Romero,Argentina,Rodrigo Javier De Paul,43.5,41.2,51.4,48.5,Complete
328,Rodrigo Javier De Paul,Argentina,Nicolás Hernán Otamendi,51.4,48.5,50.5,13.6,Complete
329,Nicolás Hernán Otamendi,Argentina,Cristian Gabriel Romero,52.5,15.1,40.1,33.5,Complete
330,Cristian Gabriel Romero,Argentina,Rodrigo Javier De Paul,39.6,36.3,55.5,44.2,Complete
331,Rodrigo Javier De Paul,Argentina,Lionel Andrés Messi Cuccittini,64.4,42.3,76.0,62.4,Complete
332,Lionel Andrés Messi Cuccittini,Argentina,Ángel Fabián Di María Hernández,80.3,57.7,101.2,8.9,Complete
333,Ángel Fabián Di María Hernández,Argentina,Lionel Andrés Messi Cuccittini,98.5,17.5,94.2,29.7,Complete
335,Enzo Fernandez,Argentina,Nicolás Alejandro Tagliafico,80.7,23.2,88.4,4.6,Complete
336,Nicolás Alejandro Tagliafico,Argentina,Enzo Fernandez,90.3,5.7,81.3,12.3,Complete
337,Enzo Fernandez,Argentina,Nicolás Alejandro Tagliafico,80.1,14.7,86.5,5.3,Complete
338,Nicolás Alejandro Tagliafico,Argentina,Ángel Fabián Di María Hernández,86.5,5.3,93.7,3.8,Complete
339,Ángel Fabián Di María Hernández,Argentina,Enzo Fernandez,87.3,4.6,74.1,8.1,Complete
340,Enzo Fernandez,Argentina,Cristian Gabriel Romero,74.7,10.0,54.0,39.9,Complete
341,Cristian Gabriel Romero,Argentina,Damián Emiliano Martínez,53.7,45.7,21.2,32.0,Complete
342,Damián Emiliano Martínez,Argentina,Nicolás Hernán Otamendi,21.2,32.0,27.9,22.4,Complete
343,Nicolás Hernán Otamendi,Argentina,Damián Emiliano Martínez,25.9,22.4,10.1,40.6,Complete
344,Damián Emiliano Martínez,Argentina,Cristian Gabriel Romero,9.7,45.1,12.9,55.5,Complete
345,Cristian Gabriel Romero,Argentina,Nahuel Molina Lucero,12.5,55.3,21.5,73.3,Complete
346,Nahuel Molina Lucero,Argentina,,21.5,73.3,27.0,79.1,Out
348,Nahuel Molina Lucero,Argentina,Damián Emiliano Martínez,5.8,54.5,4.1,42.1,Complete
349,Damián Emiliano Martínez,Argentina,,4.1,42.1,51.0,73.1,Incomplete
351,Nahuel Molina Lucero,Argentina,Alexis Mac Allister,25.9,71.8,41.6,59.2,Complete
352,Alexis Mac Allister,Argentina,Lionel Andrés Messi Cuccittini,41.8,59.0,53.1,61.8,Complete
353,Lionel Andrés Messi Cuccittini,Argentina,Julián Álvarez,52.9,61.8,62.5,68.2,Complete
354,Julián Álvarez,Argentina,Alexis Mac Allister,63.2,68.2,99.3,54.9,Complete
355,Alexis Mac Allister,Argentina,Ángel Fabián Di María Hernández,99.3,54.9,111.8,32.1,Complete
361,Nicolás Alejandro Tagliafico,Argentina,Ángel Fabián Di María Hernández,44.3,7.4,44.3,3.1,Complete
362,Ángel Fabián Di María Hernández,Argentina,Enzo Fernandez,45.2,4.0,42.0,14.1,Complete
363,Enzo Fernandez,Argentina,Alexis Mac Allister,42.0,13.8,37.7,9.6,Complete
364,Alexis Mac Allister,Argentina,Enzo Fernandez,45.2,14.7,43.1,24.1,Complete
365,Enzo Fernandez,Argentina,Lionel Andrés Messi Cuccittini,43.1,25.0,48.0,42.7,Complete
366,Lionel Andrés Messi Cuccittini,Argentina,Rodrigo Javier De Paul,48.0,42.5,38.1,39.7,Complete
367,Rodrigo Javier De Paul,Argentina,Nicolás Hernán Otamendi,38.1,39.7,33.2,24.7,Complete
368,Nicolás Hernán Otamendi,Argentina,Cristian Gabriel Romero,32.8,24.3,25.1,45.9,Complete
369,Cristian Gabriel Romero,Argentina,Enzo Fernandez,25.1,45.7,38.8,44.9,Complete
370,Enzo Fernandez,Argentina,Nicolás Hernán Otamendi,39.6,43.8,33.6,24.7,Complete
371,Nicolás Hernán Otamendi,Argentina,Nicolás Alejandro Tagliafico,33.9,23.9,41.6,9.3,Complete
372,Nicolás Alejandro Tagliafico,Argentina,Nicolás Hernán Otamendi,44.8,8.1,28.9,15.8,Complete
373,Nicolás Hernán Otamendi,Argentina,Nicolás Alejandro Tagliafico,30.6,14.5,38.8,2.1,Complete
374,Nicolás Alejandro Tagliafico,Argentina,Alexis Mac Allister,38.6,3.4,54.0,7.8,Complete
375,Ángel Fabián Di María Hernández,Argentina,Nahuel Molina Lucero,53.5,7.0,46.7,63.9,Complete
376,Nahuel Molina Lucero,Argentina,Rodrigo Javier De Paul,46.7,63.7,45.2,49.1,Complete
377,Rodrigo Javier De Paul,Argentina,Cristian Gabriel Romero,43.5,50.0,26.4,48.9,Complete
378,Cristian Gabriel Romero,Argentina,Enzo Fernandez,26.4,48.7,37.5,44.6,Complete
379,Enzo Fernandez,Argentina,Rodrigo Javier De Paul,37.5,44.6,49.7,51.7,Incomplete
383,Cristian Gabriel Romero,Argentina,Lionel Andrés Messi Cuccittini,33.4,54.9,51.4,72.9,Complete
394,Ángel Fabián Di María Hernández,Argentina,Julián Álvarez,53.1,11.7,55.0,17.7,Complete
395,Julián Álvarez,Argentina,Enzo Fernandez,55.2,18.5,48.2,20.7,Complete
396,Enzo Fernandez,Argentina,Rodrigo Javier De Paul,48.2,20.7,49.3,31.2,Complete
397,Rodrigo Javier De Paul,Argentina,Lionel Andrés Messi Cuccittini,49.3,31.2,53.3,39.1,Complete
398,Lionel Andrés Messi Cuccittini,Argentina,Nicolás Hernán Otamendi,44.6,28.4,35.8,23.0,Complete
399,Nicolás Hernán Otamendi,Argentina,Nicolás Alejandro Tagliafico,35.8,22.6,48.0,3.6,Complete
400,Nicolás Alejandro Tagliafico,Argentina,Nicolás Hernán Otamendi,48.0,3.1,32.1,16.4,Complete
401,Nicolás Hernán Otamendi,Argentina,Cristian Gabriel Romero,30.9,19.8,26.6,46.3,Complete
402,Cristian Gabriel Romero,Argentina,Nicolás Hernán Otamendi,27.9,47.4,26.6,29.0,Complete
403,Nicolás Hernán Otamendi,Argentina,Enzo Fernandez,26.6,26.7,37.1,32.0,Complete
404,Enzo Fernandez,Argentina,Nahuel Molina Lucero,37.1,32.0,45.2,72.7,Complete
405,Nahuel Molina Lucero,Argentina,,48.4,73.3,52.7,69.5,Incomplete
410,Cristian Gabriel Romero,Argentina,Nahuel Molina Lucero,32.6,60.9,40.1,71.6,Complete
411,Nahuel Molina Lucero,Argentina,Rodrigo Javier De Paul,40.7,74.8,38.3,70.9,Complete
412,Rodrigo Javier De Paul,Argentina,Nahuel Molina Lucero,43.1,69.7,40.1,75.9,Complete
413,Nahuel Molina Lucero,Argentina,Rodrigo Javier De Paul,39.8,75.9,51.0,74.6,Complete
414,Rodrigo Javier De Paul,Argentina,Julián Álvarez,51.0,75.0,54.4,75.4,Incomplete
416,Cristian Gabriel Romero,Argentina,Enzo Fernandez,24.0,74.8,37.5,61.1,Complete
417,Enzo Fernandez,Argentina,Nahuel Molina Lucero,37.5,61.1,36.9,73.3,Complete
418,Nahuel Molina Lucero,Argentina,Rodrigo Javier De Paul,36.9,72.9,40.7,76.5,Complete
419,Rodrigo Javier De Paul,Argentina,Nicolás Hernán Otamendi,40.7,76.3,23.6,30.9,Complete
420,Nicolás Hernán Otamendi,Argentina,Ángel Fabián Di María Hernández,25.5,28.8,48.4,3.1,Complete
421,Nicolás Hernán Otamendi,Argentina,Nicolás Alejandro Tagliafico,51.2,3.1,48.4,20.9,Complete
422,Ángel Fabián Di María Hernández,Argentina,Nahuel Molina Lucero,72.1,4.4,39.8,60.3,Complete
423,Nahuel Molina Lucero,Argentina,Nicolás Hernán Otamendi,42.2,57.9,32.4,28.2,Complete
424,Nicolás Hernán Otamendi,Argentina,Nicolás Alejandro Tagliafico,34.9,24.5,49.7,5.7,Complete
425,Ángel Fabián Di María Hernández,Argentina,Nicolás Hernán Otamendi,57.0,3.6,29.6,16.6,Complete
426,Nicolás Hernán Otamendi,Argentina,Cristian Gabriel Romero,26.4,18.5,19.5,44.4,Complete
427,Cristian Gabriel Romero,Argentina,Enzo Fernandez,15.5,47.6,43.7,41.4,Complete
428,Enzo Fernandez,Argentina,Ángel Fabián Di María Hernández,54.4,40.6,102.3,6.6,Complete
431,Cristian Gabriel Romero,Argentina,Nahuel Molina Lucero,33.1,54.1,28.4,70.7,Complete
432,Nahuel Molina Lucero,Argentina,Rodrigo Javier De Paul,28.7,75.0,39.6,74.8,Incomplete
434,Enzo Fernandez,Argentina,Julián Álvarez,37.5,66.7,51.0,65.4,Complete
452,Nicolás Hernán Otamendi,Argentina,Rodrigo Javier De Paul,25.7,22.8,32.4,27.5,Complete
454,Enzo Fernandez,Argentina,Rodrigo Javier De Paul,38.5,33.1,41.6,40.7,Incomplete
456,Nahuel Molina Lucero,Argentina,Lionel Andrés Messi Cuccittini,28.8,49.7,43.3,49.2,Complete
457,Lionel Andrés Messi Cuccittini,Argentina,Nahuel Molina Lucero,37.5,53.8,44.3,74.2,Complete
458,Nahuel Molina Lucero,Argentina,Lionel Andrés Messi Cuccittini,55.7,76.1,58.0,67.5,Incomplete
460,Nahuel Molina Lucero,Argentina,Rodrigo Javier De Paul,57.6,80.0,52.0,72.9,Complete
461,Rodrigo Javier De Paul,Argentina,Cristian Gabriel Romero,50.5,74.6,32.1,70.1,Complete
462,Cristian Gabriel Romero,Argentina,Nicolás Hernán Otamendi,30.2,64.5,27.7,28.0,Complete
463,Nicolás Hernán Otamendi,Argentina,Nicolás Alejandro Tagliafico,27.4,26.2,43.5,3.6,Complete
464,Nicolás Alejandro Tagliafico,Argentina,Ángel Fabián Di María Hernández,43.5,3.6,112.8,19.0,Incomplete
478,Damián Emiliano Martínez,Argentina,,15.9,73.1,85.2,61.3,Incomplete
480,Nahuel Molina Lucero,Argentina,Lionel Andrés Messi Cuccittini,66.8,64.5,80.3,54.5,Complete
481,Lionel Andrés Messi Cuccittini,Argentina,Julián Álvarez,80.3,56.4,100.8,53.0,Incomplete
482,Nahuel Molina Lucero,Argentina,Rodrigo Javier De Paul,104.9,80.0,97.6,72.2,Complete
483,Rodrigo Javier De Paul,Argentina,Nahuel Molina Lucero,97.4,72.0,105.3,75.2,Complete
484,Nahuel Molina Lucero,Argentina,Julián Álvarez,105.3,75.2,104.4,68.6,Complete
485,Julián Álvarez,Argentina,Rodrigo Javier De Paul,104.7,68.2,101.2,71.8,Incomplete
487,Cristian Gabriel Romero,Argentina,Damián Emiliano Martínez,57.0,71.4,20.0,47.2,Complete
488,Damián Emiliano Martínez,Argentina,Nicolás Hernán Otamendi,18.9,48.1,22.1,23.0,Complete
489,Nicolás Hernán Otamendi,Argentina,Ángel Fabián Di María Hernández,34.5,16.6,52.7,2.9,Complete
503,Cristian Gabriel Romero,Argentina,Enzo Fernandez,20.6,42.7,28.3,32.9,Complete
504,Enzo Fernandez,Argentina,Alexis Mac Allister,29.8,33.1,28.5,23.5,Complete
505,Enzo Fernandez,Argentina,,36.4,22.4,36.4,19.8,Incomplete
506,Nicolás Alejandro Tagliafico,Argentina,Lionel Andrés Messi Cuccittini,64.7,0.1,82.0,4.4,Incomplete
507,Nicolás Alejandro Tagliafico,Argentina,Julián Álvarez,80.1,0.1,94.4,4.4,Complete
510,Nicolás Hernán Otamendi,Argentina,Enzo Fernandez,68.1,11.7,77.9,16.6,Complete
511,Enzo Fernandez,Argentina,,79.0,16.0,81.8,19.4,Incomplete
514,Ángel Fabián Di María Hernández,Argentina,Enzo Fernandez,94.0,0.1,79.0,11.1,Complete
515,Enzo Fernandez,Argentina,Lionel Andrés Messi Cuccittini,76.9,13.4,82.4,24.3,Complete
516,Lionel Andrés Messi Cuccittini,Argentina,Enzo Fernandez,82.0,22.8,74.7,18.3,Complete
517,Enzo Fernandez,Argentina,Cristian Gabriel Romero,68.7,19.8,53.5,42.5,Complete
518,Cristian Gabriel Romero,Argentina,Ángel Fabián Di María Hernández,57.8,41.0,77.9,0.1,Out
522,Lionel Andrés Messi Cuccittini,Argentina,Enzo Fernandez,61.0,40.1,47.5,37.6,Complete
523,Enzo Fernandez,Argentina,Rodrigo Javier De Paul,47.3,41.9,43.9,55.1,Complete
524,Rodrigo Javier De Paul,Argentina,Nicolás Hernán Otamendi,43.7,51.3,30.4,29.0,Complete
525,Nicolás Hernán Otamendi,Argentina,Nicolás Alejandro Tagliafico,30.4,29.0,39.4,13.9,Complete
526,Nicolás Alejandro Tagliafico,Argentina,Ángel Fabián Di María Hernández,39.2,13.9,63.4,3.4,Complete
527,Ángel Fabián Di María Hernández,Argentina,Nicolás Alejandro Tagliafico,57.6,4.0,39.8,5.9,Complete
528,Nicolás Alejandro Tagliafico,Argentina,Nicolás Hernán Otamendi,38.3,7.4,25.9,17.1,Complete
529,Nicolás Hernán Otamendi,Argentina,Damián Emiliano Martínez,25.7,17.5,8.0,32.3,Complete
530,Damián Emiliano Martínez,Argentina,,6.7,30.8,50.7,7.2,Incomplete
533,Lionel Andrés Messi Cuccittini,Argentina,Julián Álvarez,70.6,21.1,87.3,17.3,Complete
534,Julián Álvarez,Argentina,Rodrigo Javier De Paul,97.0,29.3,98.4,57.4,Complete
535,Rodrigo Javier De Paul,Argentina,Julián Álvarez,97.6,56.2,105.3,61.1,Complete
536,Julián Álvarez,Argentina,Enzo Fernandez,100.1,62.8,88.2,54.7,Complete
537,Enzo Fernandez,Argentina,Alexis Mac Allister,87.7,53.0,111.9,41.9,Incomplete
539,Nahuel Molina Lucero,Argentina,Julián Álvarez,80.3,80.0,90.9,68.8,Incomplete
553,Cristian Gabriel Romero,Argentina,Rodrigo Javier De Paul,20.6,65.6,29.6,69.7,Complete
554,Rodrigo Javier De Paul,Argentina,Damián Emiliano Martínez,29.3,69.7,2.0,59.8,Complete
555,Damián Emiliano Martínez,Argentina,Julián Álvarez,16.3,50.9,95.4,80.0,Out
557,Nahuel Molina Lucero,Argentina,Lionel Andrés Messi Cuccittini,79.4,80.0,100.4,65.2,Complete
558,Lionel Andrés Messi Cuccittini,Argentina,,100.4,65.2,102.1,54.1,Incomplete
561,Nicolás Alejandro Tagliafico,Argentina,,79.8,14.9,96.1,13.2,Incomplete
565,Cristian Gabriel Romero,Argentina,Lionel Andrés Messi Cuccittini,69.8,35.0,78.8,44.0,Complete
566,Lionel Andrés Messi Cuccittini,Argentina,Ángel Fabián Di María Hernández,81.3,32.9,99.7,22.4,Complete
567,Ángel Fabián Di María Hernández,Argentina,Rodrigo Javier De Paul,106.8,20.9,103.3,52.3,Complete
573,Damián Emiliano Martínez,Argentina,Nahuel Molina Lucero,2.8,56.6,20.8,74.6,Complete
574,Nahuel Molina Lucero,Argentina,Julián Álvarez,35.1,74.4,97.2,68.2,Incomplete
579,Nahuel Molina Lucero,Argentina,Rodrigo Javier De Paul,53.5,66.7,65.1,64.6,Incomplete
583,Nahuel Molina Lucero,Argentina,Lionel Andrés Messi Cuccittini,67.6,80.0,75.1,75.2,Complete
584,Lionel Andrés Messi Cuccittini,Argentina,Nahuel Molina Lucero,77.5,74.6,63.4,77.8,Complete
585,Nahuel Molina Lucero,Argentina,Damián Emiliano Martínez,61.6,77.2,15.2,55.4,Complete
586,Damián Emiliano Martínez,Argentina,Nicolás Hernán Otamendi,15.0,54.3,25.5,25.4,Complete
587,Nicolás Hernán Otamendi,Argentina,Nicolás Alejandro Tagliafico,31.3,22.8,44.7,5.7,Complete
588,Nicolás Alejandro Tagliafico,Argentina,Alexis Mac Allister,44.7,6.4,62.5,12.8,Complete
589,Alexis Mac Allister,Argentina,Nicolás Alejandro Tagliafico,62.5,13.0,60.8,13.4,Incomplete
590,Alexis Mac Allister,Argentina,Nicolás Hernán Otamendi,43.0,6.8,33.4,9.6,Complete
593,Damián Emiliano Martínez,Argentina,Ángel Fabián Di María Hernández,15.4,46.2,36.0,75.7,Complete
594,Ángel Fabián Di María Hernández,Argentina,Lionel Andrés Messi Cuccittini,70.6,65.8,92.4,60.7,Complete
595,Lionel Andrés Messi Cuccittini,Argentina,Rodrigo Javier De Paul,92.4,60.9,111.9,70.1,Complete
596,Nahuel Molina Lucero,Argentina,Rodrigo Javier De Paul,110.8,80.0,107.4,72.5,Complete
597,Rodrigo Javier De Paul,Argentina,Nahuel Molina Lucero,108.5,71.6,112.3,78.0,Complete
598,Nahuel Molina Lucero,Argentina,,112.8,77.0,113.8,73.1,Incomplete
599,Lionel Andrés Messi Cuccittini,Argentina,,120.0,80.0,117.9,49.8,Incomplete
600,Nahuel Molina Lucero,Argentina,Julián Álvarez,106.4,80.0,113.0,66.9,Complete
601,Julián Álvarez,Argentina,,114.1,71.0,108.9,74.6,Incomplete
603,Nicolás Hernán Otamendi,Argentina,Rodrigo Javier De Paul,55.9,65.8,72.3,75.7,Complete
604,Rodrigo Javier De Paul,Argentina,Damián Emiliano Martínez,68.3,75.2,34.3,30.3,Complete
605,Damián Emiliano Martínez,Argentina,Enzo Fernandez,34.3,30.3,39.4,35.0,Complete
606,Enzo Fernandez,Argentina,,39.4,35.0,59.3,11.7,Incomplete
618,Rodrigo Javier De Paul,Argentina,Enzo Fernandez,22.5,71.8,31.3,77.8,Complete
619,Enzo Fernandez,Argentina,Rodrigo Javier De Paul,31.3,77.2,40.0,73.3,Complete
620,Rodrigo Javier De Paul,Argentina,Cristian Gabriel Romero,53.5,76.5,33.0,72.9,Complete
621,Cristian Gabriel Romero,Argentina,Alexis Mac Allister,35.5,72.7,63.8,36.7,Complete
622,Alexis Mac Allister,Argentina,,64.2,37.0,76.6,26.0,Incomplete
641,Enzo Fernandez,Argentina,Rodrigo Javier De Paul,58.4,67.1,63.8,74.6,Complete
642,Lionel Andrés Messi Cuccittini,Argentina,Nahuel Molina Lucero,67.6,71.8,63.1,76.1,Complete
643,Nahuel Molina Lucero,Argentina,,63.4,74.2,89.9,11.9,Incomplete
645,Nicolás Alejandro Tagliafico,Argentina,Ángel Fabián Di María Hernández,79.4,11.5,82.8,16.0,Complete
646,Ángel Fabián Di María Hernández,Argentina,Julián Álvarez,84.7,20.3,98.2,26.7,Complete
652,Damián Emiliano Martínez,Argentina,,29.6,48.5,81.1,5.9,Incomplete
656,Nicolás Alejandro Tagliafico,Argentina,Ángel Fabián Di María Hernández,57.6,13.6,76.6,8.9,Complete
657,Ángel Fabián Di María Hernández,Argentina,Lionel Andrés Messi Cuccittini,112.1,22.4,106.6,37.0,Complete
659,Nicolás Alejandro Tagliafico,Argentina,Enzo Fernandez,36.4,15.1,39.4,22.0,Complete
660,Enzo Fernandez,Argentina,Julián Álvarez,39.4,22.0,70.6,20.1,Unknown
662,Nahuel Molina Lucero,Argentina,Rodrigo Javier De Paul,40.3,80.0,46.5,73.3,Complete
663,Rodrigo Javier De Paul,Argentina,Nahuel Molina Lucero,46.5,73.3,37.3,77.6,Complete
664,Nahuel Molina Lucero,Argentina,Enzo Fernandez,37.3,77.6,37.0,69.0,Complete
665,Enzo Fernandez,Argentina,Rodrigo Javier De Paul,36.4,69.3,46.5,75.5,Complete
666,Rodrigo Javier De Paul,Argentina,Lionel Andrés Messi Cuccittini,45.4,74.2,70.6,80.0,Out
675,Enzo Fernandez,Argentina,,42.2,68.2,46.7,74.4,Incomplete
682,Alexis Mac Allister,Argentina,Lionel Andrés Messi Cuccittini,57.8,35.5,57.8,45.5,Complete
683,Lionel Andrés Messi Cuccittini,Argentina,Julián Álvarez,64.0,43.4,90.5,25.8,Complete
684,Julián Álvarez,Argentina,Alexis Mac Allister,90.5,25.6,111.9,43.6,Incomplete
696,Damián Emiliano Martínez,Argentina,,7.0,36.1,71.5,13.6,Incomplete
698,Nicolás Alejandro Tagliafico,Argentina,Enzo Fernandez,56.9,10.4,57.2,20.7,Complete
699,Enzo Fernandez,Argentina,Nicolás Hernán Otamendi,57.2,20.7,40.0,17.7,Complete
700,Nicolás Hernán Otamendi,Argentina,Cristian Gabriel Romero,40.0,18.3,34.5,29.9,Complete
701,Cristian Gabriel Romero,Argentina,Nicolás Hernán Otamendi,35.1,30.1,35.5,14.7,Complete
702,Nicolás Hernán Otamendi,Argentina,Nicolás Alejandro Tagliafico,35.5,12.6,46.2,4.0,Complete
703,Nicolás Alejandro Tagliafico,Argentina,Julián Álvarez,46.2,5.1,71.3,22.0,Complete
704,Julián Álvarez,Argentina,Lionel Andrés Messi Cuccittini,71.3,22.0,68.3,29.3,Complete
705,Lionel Andrés Messi Cuccittini,Argentina,Marcos Javier Acuña,74.7,19.8,87.1,5.3,Complete
707,Alexis Mac Allister,Argentina,Marcos Javier Acuña,94.6,19.2,102.1,14.1,Complete
709,Lionel Andrés Messi Cuccittini,Argentina,Alexis Mac Allister,97.8,9.6,100.1,24.3,Complete
710,Alexis Mac Allister,Argentina,,100.4,24.3,104.4,26.0,Incomplete
713,Nicolás Alejandro Tagliafico,Argentina,,90.7,16.0,105.9,15.6,Incomplete
716,Nicolás Hernán Otamendi,Argentina,,40.0,19.8,57.2,28.0,Incomplete
724,Rodrigo Javier De Paul,Argentina,Nahuel Molina Lucero,20.1,64.6,6.9,65.6,Complete
725,Nahuel Molina Lucero,Argentina,,6.7,65.6,14.2,80.0,Out
732,Nicolás Alejandro Tagliafico,Argentina,Marcos Javier Acuña,11.0,5.3,16.1,10.2,Complete
733,Alexis Mac Allister,Argentina,,3.0,8.9,33.6,19.6,Incomplete
748,Damián Emiliano Martínez,Argentina,,7.0,44.1,74.7,30.1,Incomplete
750,Cristian Gabriel Romero,Argentina,Rodrigo Javier De Paul,52.4,40.2,64.9,44.7,Complete
754,Rodrigo Javier De Paul,Argentina,Enzo Fernandez,43.7,74.4,41.3,64.3,Complete
755,Enzo Fernandez,Argentina,Alexis Mac Allister,46.9,59.4,57.2,46.2,Complete
756,Alexis Mac Allister,Argentina,Enzo Fernandez,57.2,46.2,50.9,56.6,Complete
757,Enzo Fernandez,Argentina,Lionel Andrés Messi Cuccittini,50.1,55.6,54.4,64.1,Complete
758,Lionel Andrés Messi Cuccittini,Argentina,Enzo Fernandez,57.6,59.6,48.8,53.9,Complete
759,Enzo Fernandez,Argentina,Nicolás Hernán Otamendi,43.9,49.6,39.2,30.8,Complete
760,Nicolás Hernán Otamendi,Argentina,Nicolás Alejandro Tagliafico,40.0,27.5,50.7,15.4,Complete
761,Nicolás Alejandro Tagliafico,Argentina,Marcos Javier Acuña,50.9,11.1,66.8,5.1,Incomplete
773,Rodrigo Javier De Paul,Argentina,Lionel Andrés Messi Cuccittini,17.2,75.0,29.3,72.0,Complete
774,Lionel Andrés Messi Cuccittini,Argentina,Rodrigo Javier De Paul,32.6,72.9,73.2,77.0,Incomplete
782,Cristian Gabriel Romero,Argentina,Nahuel Molina Lucero,19.3,67.8,27.2,74.8,Complete
783,Nahuel Molina Lucero,Argentina,Cristian Gabriel Romero,27.2,74.8,19.9,67.1,Complete
784,Cristian Gabriel Romero,Argentina,,19.9,67.1,39.0,66.9,Incomplete
789,Damián Emiliano Martínez,Argentina,,7.0,44.1,75.1,7.7,Incomplete
791,Julián Álvarez,Argentina,Alexis Mac Allister,75.1,6.6,68.1,13.0,Complete
792,Alexis Mac Allister,Argentina,Marcos Javier Acuña,88.4,15.6,100.1,7.4,Complete
794,Alexis Mac Allister,Argentina,Lionel Andrés Messi Cuccittini,112.6,7.9,99.5,9.6,Complete
795,Lionel Andrés Messi Cuccittini,Argentina,Enzo Fernandez,106.8,23.9,98.2,31.8,Complete
817,Damián Emiliano Martínez,Argentina,,36.4,62.6,92.0,63.3,Incomplete
819,Cristian Gabriel Romero,Argentina,Enzo Fernandez,17.6,76.3,19.7,68.0,Complete
820,Enzo Fernandez,Argentina,Rodrigo Javier De Paul,19.7,68.0,33.0,75.9,Complete
821,Rodrigo Javier De Paul,Argentina,Julián Álvarez,45.0,70.5,90.9,64.8,Complete
822,Julián Álvarez,Argentina,Nahuel Molina Lucero,108.9,74.2,95.9,75.9,Complete
823,Nahuel Molina Lucero,Argentina,,92.9,77.0,86.7,55.6,Incomplete
826,Nicolás Alejandro Tagliafico,Argentina,Lionel Andrés Messi Cuccittini,48.4,0.1,71.9,6.2,Incomplete
827,Nicolás Alejandro Tagliafico,Argentina,Julián Álvarez,61.4,0.1,56.1,33.3,Complete
829,Nicolás Hernán Otamendi,Argentina,,59.9,22.0,81.3,38.2,Incomplete
833,Nahuel Molina Lucero,Argentina,Lionel Andrés Messi Cuccittini,27.8,64.3,43.5,61.8,Complete
834,Lionel Andrés Messi Cuccittini,Argentina,Rodrigo Javier De Paul,49.0,66.5,73.0,73.7,Complete
835,Nahuel Molina Lucero,Argentina,Lionel Andrés Messi Cuccittini,79.4,76.5,64.6,73.3,Complete
836,Lionel Andrés Messi Cuccittini,Argentina,Nahuel Molina Lucero,85.6,72.7,75.8,68.0,Complete
837,Nahuel Molina Lucero,Argentina,Lionel Andrés Messi Cuccittini,75.8,68.2,86.7,75.7,Complete
838,Lionel Andrés Messi Cuccittini,Argentina,Rodrigo Javier De Paul,86.7,76.1,95.9,77.8,Complete
839,Rodrigo Javier De Paul,Argentina,Alexis Mac Allister,95.2,55.4,87.3,55.4,Complete
840,Alexis Mac Allister,Argentina,Enzo Fernandez,87.3,55.4,80.3,51.3,Complete
841,Enzo Fernandez,Argentina,Lionel Andrés Messi Cuccittini,80.0,51.3,87.3,69.7,Complete
842,Lionel Andrés Messi Cuccittini,Argentina,Rodrigo Javier De Paul,92.9,64.8,108.5,59.2,Complete
843,Rodrigo Javier De Paul,Argentina,Marcos Javier Acuña,112.1,59.8,117.9,42.1,Incomplete
845,Enzo Fernandez,Argentina,Marcos Javier Acuña,49.2,15.4,55.0,12.6,Complete
847,Alexis Mac Allister,Argentina,Enzo Fernandez,66.6,28.2,55.9,25.4,Complete
848,Enzo Fernandez,Argentina,Rodrigo Javier De Paul,55.9,27.5,69.1,67.3,Complete
849,Rodrigo Javier De Paul,Argentina,Nahuel Molina Lucero,69.1,67.3,48.0,66.9,Complete
850,Nahuel Molina Lucero,Argentina,Enzo Fernandez,48.0,66.9,57.6,61.1,Complete
851,Enzo Fernandez,Argentina,Rodrigo Javier De Paul,57.6,61.1,66.1,74.0,Complete
852,Rodrigo Javier De Paul,Argentina,Enzo Fernandez,66.1,74.0,58.4,64.8,Complete
853,Enzo Fernandez,Argentina,Rodrigo Javier De Paul,63.4,66.7,58.4,76.1,Complete
854,Rodrigo Javier De Paul,Argentina,Lionel Andrés Messi Cuccittini,61.4,76.1,70.0,76.3,Complete
856,Nahuel Molina Lucero,Argentina,Enzo Fernandez,69.1,80.0,69.6,66.9,Complete
857,Enzo Fernandez,Argentina,Nahuel Molina Lucero,70.8,66.0,70.0,75.2,Complete
858,Nahuel Molina Lucero,Argentina,,70.0,75.2,74.9,75.5,Incomplete
859,Nahuel Molina Lucero,Argentina,,74.9,75.5,80.7,70.3,Incomplete
862,Julián Álvarez,Argentina,Rodrigo Javier De Paul,61.0,40.1,44.3,40.2,Complete
863,Rodrigo Javier De Paul,Argentina,Nahuel Molina Lucero,44.3,40.2,50.1,66.0,Complete
864,Nahuel Molina Lucero,Argentina,Cristian Gabriel Romero,43.5,76.3,22.7,56.4,Complete
865,Cristian Gabriel Romero,Argentina,Nicolás Hernán Otamendi,20.6,50.9,20.6,30.3,Complete
866,Nicolás Hernán Otamendi,Argentina,Damián Emiliano Martínez,19.1,28.6,6.0,37.0,Complete
867,Damián Emiliano Martínez,Argentina,Marcos Javier Acuña,6.0,37.0,51.4,4.9,Complete
875,Cristian Gabriel Romero,Argentina,Rodrigo Javier De Paul,20.1,52.6,39.0,56.4,Incomplete
881,Lionel Andrés Messi Cuccittini,Argentina,Enzo Fernandez,61.0,40.1,46.5,43.4,Complete
882,Enzo Fernandez,Argentina,Rodrigo Javier De Paul,50.3,45.5,47.3,59.2,Complete
883,Rodrigo Javier De Paul,Argentina,Cristian Gabriel Romero,47.3,59.2,28.7,59.0,Complete
884,Cristian Gabriel Romero,Argentina,Enzo Fernandez,28.7,59.0,43.9,49.4,Complete
885,Enzo Fernandez,Argentina,Nicolás Alejandro Tagliafico,44.7,48.1,40.7,17.7,Complete
886,Nicolás Alejandro Tagliafico,Argentina,Marcos Javier Acuña,40.3,14.5,55.4,5.1,Complete
888,Nicolás Alejandro Tagliafico,Argentina,Julián Álvarez,89.5,0.1,112.3,8.3,Complete
889,Julián Álvarez,Argentina,Nicolás Alejandro Tagliafico,110.2,7.2,98.2,5.3,Complete
890,Nicolás Alejandro Tagliafico,Argentina,Julián Álvarez,98.2,5.3,99.3,11.3,Complete
891,Julián Álvarez,Argentina,Rodrigo Javier De Paul,91.6,14.7,89.2,32.7,Complete
892,Rodrigo Javier De Paul,Argentina,Julián Álvarez,88.6,29.5,94.8,23.9,Complete
893,Julián Álvarez,Argentina,Nicolás Alejandro Tagliafico,96.7,22.4,99.1,19.0,Incomplete
894,Julián Álvarez,Argentina,Marcos Javier Acuña,107.0,17.5,114.1,11.7,Complete
896,Cristian Gabriel Romero,Argentina,Nahuel Molina Lucero,70.6,48.5,80.3,57.9,Complete
897,Nahuel Molina Lucero,Argentina,,80.3,57.9,96.3,55.4,Incomplete
899,Nicolás Hernán Otamendi,Argentina,Rodrigo Javier De Paul,78.8,50.0,79.0,58.6,Complete
901,Cristian Gabriel Romero,Argentina,Rodrigo Javier De Paul,45.0,75.7,47.1,72.0,Complete
902,Rodrigo Javier De Paul,Argentina,Enzo Fernandez,48.6,71.8,55.4,63.1,Complete
903,Enzo Fernandez,Argentina,Julián Álvarez,63.8,59.2,74.7,53.2,Complete
904,Julián Álvarez,Argentina,Lionel Andrés Messi Cuccittini,74.7,53.2,75.3,63.9,Complete
905,Lionel Andrés Messi Cuccittini,Argentina,Julián Álvarez,75.8,60.3,77.9,57.1,Incomplete
908,Damián Emiliano Martínez,Argentina,,7.0,36.1,73.8,25.8,Unknown
916,Cristian Gabriel Romero,Argentina,,26.6,63.3,56.3,60.9,Incomplete
932,Damián Emiliano Martínez,Argentina,,18.4,51.7,85.2,69.9,Unknown
937,Rodrigo Javier De Paul,Argentina,Lionel Andrés Messi Cuccittini,21.9,69.7,32.3,66.7,Incomplete
945,Cristian Gabriel Romero,Argentina,Julián Álvarez,25.5,28.6,62.9,26.9,Complete
946,Julián Álvarez,Argentina,Lionel Andrés Messi Cuccittini,61.9,35.2,67.0,45.1,Incomplete
948,Cristian Gabriel Romero,Argentina,Enzo Fernandez,36.8,51.3,52.0,51.1,Complete
949,Enzo Fernandez,Argentina,Marcos Javier Acuña,57.6,49.8,96.9,22.2,Incomplete
951,Nicolás Alejandro Tagliafico,Argentina,Marcos Javier Acuña,80.9,24.3,101.2,13.0,Complete
956,Rodrigo Javier De Paul,Argentina,Marcos Javier Acuña,20.1,28.0,18.4,13.9,Complete
958,Nicolás Alejandro Tagliafico,Argentina,Nicolás Hernán Otamendi,44.5,0.1,25.7,10.4,Complete
959,Nicolás Hernán Otamendi,Argentina,Nahuel Molina Lucero,21.9,25.0,25.9,58.8,Complete
960,Nahuel Molina Lucero,Argentina,Rodrigo Javier De Paul,31.7,63.3,62.5,75.7,Complete
965,Cristian Gabriel Romero,Argentina,Damián Emiliano Martínez,3.7,42.5,2.2,45.5,Complete
966,Damián Emiliano Martínez,Argentina,Enzo Fernandez,4.3,44.0,21.2,57.9,Complete
967,Enzo Fernandez,Argentina,Julián Álvarez,45.2,51.9,49.7,62.2,Complete
968,Julián Álvarez,Argentina,Nahuel Molina Lucero,51.6,59.4,53.5,69.3,Complete
969,Nahuel Molina Lucero,Argentina,Lionel Andrés Messi Cuccittini,54.8,70.3,65.7,77.8,Complete
970,Nahuel Molina Lucero,Argentina,Lionel Andrés Messi Cuccittini,89.7,80.0,96.3,64.3,Complete
971,Lionel Andrés Messi Cuccittini,Argentina,Cristian Gabriel Romero,94.6,61.1,86.0,61.3,Complete
972,Cristian Gabriel Romero,Argentina,Nahuel Molina Lucero,85.8,61.6,97.8,67.1,Incomplete
976,Nahuel Molina Lucero,Argentina,Rodrigo Javier De Paul,24.0,71.2,43.9,76.1,Complete
977,Rodrigo Javier De Paul,Argentina,Enzo Fernandez,43.7,76.1,39.4,60.3,Complete
978,Enzo Fernandez,Argentina,Lionel Andrés Messi Cuccittini,44.1,59.0,52.7,66.3,Complete
979,Lionel Andrés Messi Cuccittini,Argentina,Marcos Javier Acuña,83.0,51.3,102.9,13.6,Complete
981,Nicolás Alejandro Tagliafico,Argentina,,111.5,20.9,108.3,30.3,Incomplete
988,Nicolás Hernán Otamendi,Argentina,Enzo Fernandez,30.2,41.9,37.3,50.0,Complete
989,Enzo Fernandez,Argentina,Alexis Mac Allister,37.3,50.0,47.5,37.0,Complete
990,Alexis Mac Allister,Argentina,Marcos Javier Acuña,52.0,34.8,69.3,12.8,Complete
992,Julián Álvarez,Argentina,Rodrigo Javier De Paul,95.4,8.1,89.5,31.0,Complete
993,Rodrigo Javier De Paul,Argentina,Lionel Andrés Messi Cuccittini,89.5,31.0,92.0,54.7,Complete
994,Lionel Andrés Messi Cuccittini,Argentina,,120.0,0.1,113.4,35.9,Incomplete
1001,Alexis Mac Allister,Argentina,Enzo Fernandez,6.7,19.6,20.6,31.2,Complete
1002,Enzo Fernandez,Argentina,Lionel Andrés Messi Cuccittini,21.0,28.8,34.5,30.3,Complete
1003,Lionel Andrés Messi Cuccittini,Argentina,Julián Álvarez,30.4,27.5,79.4,11.3,Complete
1004,Julián Álvarez,Argentina,Lionel Andrés Messi Cuccittini,110.6,23.3,99.5,33.5,Complete
1005,Lionel Andrés Messi Cuccittini,Argentina,Rodrigo Javier De Paul,101.4,35.2,102.9,47.9,Complete
1006,Rodrigo Javier De Paul,Argentina,Lionel Andrés Messi Cuccittini,102.9,47.7,105.1,36.5,Incomplete
1014,Nicolás Alejandro Tagliafico,Argentina,Alexis Mac Allister,42.2,5.3,40.7,13.6,Complete
1015,Alexis Mac Allister,Argentina,Nicolás Hernán Otamendi,42.4,13.6,30.4,14.1,Complete
1016,Nicolás Hernán Otamendi,Argentina,Enzo Fernandez,30.2,14.1,33.9,23.5,Complete
1017,Enzo Fernandez,Argentina,Alexis Mac Allister,36.0,25.6,44.6,19.2,Complete
1018,Alexis Mac Allister,Argentina,Julián Álvarez,64.0,16.2,76.6,23.2,Incomplete
1019,Cristian Gabriel Romero,Argentina,,36.2,45.1,62.7,33.7,Incomplete
1021,Cristian Gabriel Romero,Argentina,Enzo Fernandez,38.8,39.9,45.6,37.4,Complete
1022,Enzo Fernandez,Argentina,Rodrigo Javier De Paul,45.2,36.3,50.1,46.6,Unknown
1023,Cristian Gabriel Romero,Argentina,Marcos Javier Acuña,53.3,44.2,85.2,2.5,Complete
1025,Nicolás Hernán Otamendi,Argentina,Cristian Gabriel Romero,52.7,16.6,44.3,47.0,Complete
1026,Cristian Gabriel Romero,Argentina,Gonzalo Ariel Montiel,42.6,50.2,74.7,74.6,Complete
1028,Lionel Andrés Messi Cuccittini,Argentina,Enzo Fernandez,79.8,72.0,72.8,58.3,Complete
1029,Enzo Fernandez,Argentina,Gonzalo Ariel Montiel,71.5,53.4,68.5,66.0,Complete
1031,Lionel Andrés Messi Cuccittini,Argentina,Rodrigo Javier De Paul,78.3,73.9,90.3,74.8,Complete
1032,Rodrigo Javier De Paul,Argentina,Enzo Fernandez,86.9,72.9,78.8,59.8,Complete
1033,Enzo Fernandez,Argentina,Marcos Javier Acuña,83.9,54.5,94.6,4.6,Complete
1036,Nicolás Alejandro Tagliafico,Argentina,Alexis Mac Allister,34.7,4.4,43.9,17.9,Complete
1037,Alexis Mac Allister,Argentina,Marcos Javier Acuña,40.5,14.7,48.4,9.6,Complete
1039,Alexis Mac Allister,Argentina,Rodrigo Javier De Paul,59.3,19.0,55.9,41.0,Complete
1040,Rodrigo Javier De Paul,Argentina,Lionel Andrés Messi Cuccittini,74.3,37.4,84.3,54.7,Complete
1051,Nicolás Hernán Otamendi,Argentina,Cristian Gabriel Romero,25.5,44.6,37.9,48.5,Complete
1052,Cristian Gabriel Romero,Argentina,,38.3,51.7,67.0,54.7,Incomplete
1058,Cristian Gabriel Romero,Argentina,Rodrigo Javier De Paul,25.3,32.4,37.5,50.0,Complete
1059,Enzo Fernandez,Argentina,Julián Álvarez,36.6,54.1,52.3,36.5,Complete
1060,Julián Álvarez,Argentina,Marcos Javier Acuña,51.6,34.8,47.1,15.3,Complete
1062,Nicolás Hernán Otamendi,Argentina,Marcos Javier Acuña,35.1,20.0,45.0,16.0,Complete
1064,Damián Emiliano Martínez,Argentina,,11.6,32.4,74.3,7.4,Unknown
1079,Nicolás Hernán Otamendi,Argentina,Enzo Fernandez,30.2,62.6,41.6,32.2,Complete
1080,Enzo Fernandez,Argentina,Rodrigo Javier De Paul,44.6,44.9,48.6,57.0,Complete
1081,Rodrigo Javier De Paul,Argentina,Nicolás Hernán Otamendi,47.1,54.9,42.0,27.7,Complete
1082,Nicolás Hernán Otamendi,Argentina,Nicolás Alejandro Tagliafico,40.7,25.2,49.5,10.0,Complete
1083,Nicolás Alejandro Tagliafico,Argentina,Nicolás Hernán Otamendi,47.5,8.7,39.0,18.1,Complete
1084,Nicolás Hernán Otamendi,Argentina,Enzo Fernandez,38.8,20.7,41.8,29.2,Complete
1085,Enzo Fernandez,Argentina,Rodrigo Javier De Paul,39.8,35.7,53.7,42.3,Complete
1086,Rodrigo Javier De Paul,Argentina,Lionel Andrés Messi Cuccittini,54.8,42.1,73.0,47.0,Complete
1087,Lionel Andrés Messi Cuccittini,Argentina,Alexis Mac Allister,73.6,46.8,78.8,30.1,Complete
1088,Alexis Mac Allister,Argentina,Marcos Javier Acuña,80.5,29.2,100.4,4.9,Complete
1090,Rodrigo Javier De Paul,Argentina,,100.0,57.5,119.8,19.8,Out
1092,Nicolás Hernán Otamendi,Argentina,Marcos Javier Acuña,34.7,29.5,46.0,13.2,Complete
1094,Damián Emiliano Martínez,Argentina,Nicolás Hernán Otamendi,10.8,30.7,19.7,23.2,Complete
1095,Nicolás Hernán Otamendi,Argentina,Cristian Gabriel Romero,20.8,23.2,20.6,52.1,Complete
1096,Cristian Gabriel Romero,Argentina,Enzo Fernandez,20.6,52.3,34.3,52.1,Complete
1097,Enzo Fernandez,Argentina,Gonzalo Ariel Montiel,35.8,62.2,43.7,75.2,Complete
1099,Enzo Fernandez,Argentina,Alexis Mac Allister,21.0,48.9,25.3,46.6,Complete
1100,Alexis Mac Allister,Argentina,Rodrigo Javier De Paul,25.3,47.6,34.1,73.1,Complete
1101,Rodrigo Javier De Paul,Argentina,Lionel Andrés Messi Cuccittini,39.4,75.2,65.5,75.7,Incomplete
1104,Julián Álvarez,Argentina,Rodrigo Javier De Paul,18.9,54.3,5.0,69.5,Complete
1105,Rodrigo Javier De Paul,Argentina,Julián Álvarez,5.0,69.5,21.5,74.4,Complete
1111,Damián Emiliano Martínez,Argentina,Cristian Gabriel Romero,13.1,40.8,22.9,54.3,Complete
1112,Cristian Gabriel Romero,Argentina,Gonzalo Ariel Montiel,24.4,60.5,55.2,73.9,Complete
1115,Enzo Fernandez,Argentina,Cristian Gabriel Romero,51.6,68.0,45.2,60.9,Complete
1116,Cristian Gabriel Romero,Argentina,Nicolás Hernán Otamendi,44.6,58.3,38.8,28.8,Complete
1117,Nicolás Hernán Otamendi,Argentina,Cristian Gabriel Romero,38.6,28.2,36.0,50.4,Complete
1118,Cristian Gabriel Romero,Argentina,Enzo Fernandez,36.2,55.3,41.6,71.4,Complete
1119,Enzo Fernandez,Argentina,Gonzalo Ariel Montiel,40.1,71.6,54.2,74.2,Complete
1122,Damián Emiliano Martínez,Argentina,Nicolás Hernán Otamendi,12.9,34.6,23.6,25.2,Complete
1123,Nicolás Hernán Otamendi,Argentina,Leandro Daniel Paredes,24.7,26.7,22.3,44.2,Complete
1125,Cristian Gabriel Romero,Argentina,Marcos Javier Acuña,50.8,66.5,92.9,23.2,Incomplete
1127,Alexis Mac Allister,Argentina,Leandro Daniel Paredes,75.8,9.6,55.0,19.2,Complete
1129,Enzo Fernandez,Argentina,Alexis Mac Allister,65.3,37.4,66.8,30.5,Complete
1130,Alexis Mac Allister,Argentina,Enzo Fernandez,70.4,31.2,71.7,38.9,Complete
1131,Enzo Fernandez,Argentina,Leandro Daniel Paredes,67.7,43.4,58.9,32.9,Complete
1135,Alexis Mac Allister,Argentina,Lautaro Javier Martínez,51.8,48.5,68.1,49.1,Complete
1137,Enzo Fernandez,Argentina,Alexis Mac Allister,77.9,54.7,80.1,40.6,Complete
1138,Alexis Mac Allister,Argentina,Marcos Javier Acuña,80.5,40.4,86.5,25.4,Complete
1140,Nicolás Alejandro Tagliafico,Argentina,Alexis Mac Allister,75.1,23.9,81.6,30.5,Complete
1141,Alexis Mac Allister,Argentina,Lionel Andrés Messi Cuccittini,80.9,34.6,83.7,44.0,Complete
1142,Lionel Andrés Messi Cuccittini,Argentina,Alexis Mac Allister,86.0,34.4,97.0,45.3,Complete
1143,Alexis Mac Allister,Argentina,Lionel Andrés Messi Cuccittini,97.0,45.3,101.0,38.2,Complete
1144,Lionel Andrés Messi Cuccittini,Argentina,Lautaro Javier Martínez,103.4,37.6,107.9,47.8,Complete
1145,Lionel Andrés Messi Cuccittini,Argentina,Enzo Fernandez,120.0,0.1,102.5,70.1,Complete
1159,Nicolás Hernán Otamendi,Argentina,Nicolás Alejandro Tagliafico,55.7,18.1,77.7,4.9,Complete
1160,Nicolás Alejandro Tagliafico,Argentina,Marcos Javier Acuña,81.8,3.6,89.2,7.0,Complete
1162,Nicolás Alejandro Tagliafico,Argentina,Alexis Mac Allister,102.1,4.7,93.3,18.6,Complete
1163,Alexis Mac Allister,Argentina,Leandro Daniel Paredes,93.5,18.6,83.0,26.5,Complete
1165,Lionel Andrés Messi Cuccittini,Argentina,Gonzalo Ariel Montiel,92.9,60.1,111.5,66.3,Complete
1168,Cristian Gabriel Romero,Argentina,Gonzalo Ariel Montiel,36.6,54.9,42.8,72.5,Complete
1171,Nicolás Alejandro Tagliafico,Argentina,Nicolás Hernán Otamendi,42.6,15.1,34.3,18.1,Complete
1172,Nicolás Hernán Otamendi,Argentina,Cristian Gabriel Romero,33.2,23.9,32.8,56.9,Complete
1173,Cristian Gabriel Romero,Argentina,Enzo Fernandez,32.3,61.8,45.6,76.1,Complete
1174,Enzo Fernandez,Argentina,Gonzalo Ariel Montiel,50.1,73.5,110.0,60.3,Incomplete
1183,Lionel Andrés Messi Cuccittini,Argentina,Enzo Fernandez,91.2,58.8,95.4,49.4,Complete
1184,Enzo Fernandez,Argentina,Lautaro Javier Martínez,95.4,49.4,109.3,56.9,Complete
1189,Damián Emiliano Martínez,Argentina,,7.0,44.1,74.7,71.8,Incomplete
1194,Cristian Gabriel Romero,Argentina,,13.3,64.8,85.8,38.9,Incomplete
1200,Nicolás Hernán Otamendi,Argentina,Alexis Mac Allister,34.5,43.2,43.9,43.2,Complete
1201,Alexis Mac Allister,Argentina,Enzo Fernandez,53.7,47.2,50.9,58.8,Complete
1202,Enzo Fernandez,Argentina,Marcos Javier Acuña,49.7,57.9,73.2,6.4,Complete
1217,Enzo Fernandez,Argentina,Leandro Daniel Paredes,61.0,40.1,50.7,44.9,Complete
1219,Enzo Fernandez,Argentina,Gonzalo Ariel Montiel,63.1,62.8,94.2,71.4,Complete
1223,Enzo Fernandez,Argentina,,82.6,59.0,82.0,74.0,Incomplete
1226,Enzo Fernandez,Argentina,Marcos Javier Acuña,79.2,43.6,94.6,21.1,Complete
1228,Lionel Andrés Messi Cuccittini,Argentina,,120.0,0.1,112.3,40.0,Incomplete
1229,Enzo Fernandez,Argentina,Gonzalo Ariel Montiel,83.2,80.0,96.3,76.3,Complete
1234,Damián Emiliano Martínez,Argentina,Paulo Bruno Exequiel Dybala,7.0,44.1,79.8,6.4,Complete
1237,Nicolás Hernán Otamendi,Argentina,Germán Alejandro Pezzella,71.7,16.0,53.3,30.5,Complete
1239,Nicolás Hernán Otamendi,Argentina,Marcos Javier Acuña,64.2,16.4,78.1,5.3,Complete
1241,Nicolás Hernán Otamendi,Argentina,Marcos Javier Acuña,56.1,3.6,66.8,7.4,Incomplete
1243,Nicolás Hernán Otamendi,Argentina,Leandro Daniel Paredes,55.7,6.4,54.6,15.6,Complete
1249,Enzo Fernandez,Argentina,Lionel Andrés Messi Cuccittini,64.2,27.8,74.1,34.6,Complete
1250,Lionel Andrés Messi Cuccittini,Argentina,Lautaro Javier Martínez,74.1,34.6,92.2,29.9,Pass Offside
1252,Nicolás Hernán Otamendi,Argentina,,35.1,26.9,58.4,36.7,Incomplete
1254,Nicolás Hernán Otamendi,Argentina,Paulo Bruno Exequiel Dybala,22.5,34.2,48.8,47.2,Complete
1256,Enzo Fernandez,Argentina,Lionel Andrés Messi Cuccittini,42.8,54.1,58.0,62.4,Complete
1257,Lionel Andrés Messi Cuccittini,Argentina,Gonzalo Ariel Montiel,66.8,62.6,104.9,62.6,Complete
